"RANK","NAME","TEAM","POS","AGE","GP","MPG","USG%","TO%","FTA","FT%","2PA","2P%","3PA","3P%","eFG%","TS%","PPG","RPG","APG","SPG","BPG","TPG","P+R","P+A","P+R+A","VI","ORtg","DRtg"
"1","Kawhi Leonard","Lac","F","32","2","40.2","30","11.9","17","0.882","34","0.529","10","0.6","0.614","0.67","34.5","6.5","6","2","0.5","3","41","40.5","47","11","129.4","110.8"
"2","Devin Booker","Pho","G","26.6","11","41.7","29","11.7","67","0.866","180","0.611","61","0.508","0.649","0.686","33.7","4.8","7.2","1.7","0.8","2.9","38.5","40.9","45.7","10.1","130.7","110"
"3","Anthony Edwards","Min","G","21.9","5","39.7","32.4","6.5","39","0.846","71","0.563","43","0.349","0.548","0.602","31.6","5","5.2","1.8","2","1.6","36.6","36.8","41.8","9.4","122.1","111"
"4","Stephen Curry","Gol","G","35.2","13","37.9","31.6","11.9","58","0.845","154","0.571","157","0.363","0.558","0.588","30.5","5.2","6.1","1","0.5","3.2","35.6","36.5","41.7","10.4","112.4","112"
"5","Nikola Jokic","Den","C","28.3","20","39.4","31.2","14.5","139","0.799","338","0.568","76","0.461","0.591","0.631","30","13.5","9.5","1.1","1","3.5","43.5","39.5","53","15.9","127.1","104.5"
"6","Trae Young","Atl","G","24.7","6","38.4","34.4","13.8","43","0.86","95","0.442","54","0.333","0.463","0.521","29.2","3.7","10.2","1.7","0.7","4","32.8","39.3","43","10.8","109","115.8"
"7","Kevin Durant","Pho","F","34.7","11","42.3","28.8","14.8","96","0.917","173","0.52","51","0.333","0.516","0.599","29","8.7","5.5","0.8","1.4","3.5","37.7","34.5","43.3","10.5","115.1","110.3"
"8","Jalen Brunson","Nyk","G","26.8","11","40.3","28.5","9.1","68","0.912","150","0.553","80","0.325","0.53","0.589","27.8","4.9","5.6","1.4","0.1","2.1","32.7","33.5","38.4","9.1","122.8","111.4"
"9","De'Aaron Fox","Sac","G","25.5","7","38.5","31","14.5","41","0.756","102","0.48","63","0.333","0.488","0.524","27.4","5.4","7.7","2.1","0.6","4","32.9","35.1","40.6","10.9","105.9","109.5"
"10","Jayson Tatum","Bos","F-G","25.3","20","40","29.5","12.2","137","0.876","240","0.55","164","0.323","0.524","0.585","27.2","10.5","5.3","1.1","1.1","2.8","37.7","32.4","42.9","11.5","115.3","107"
"11","Jimmy Butler","Mia","F","33.7","22","39.7","29.1","8.5","186","0.806","364","0.492","78","0.359","0.5","0.565","26.9","6.5","5.9","1.8","0.6","1.9","33.4","32.8","39.2","10.2","119.2","111.4"
"12","Jamal Murray","Den","G","26.3","20","39.9","28","10.9","81","0.926","261","0.517","149","0.396","0.545","0.586","26.1","5.7","7.1","1.5","0.3","2.5","31.8","33.2","38.9","10.2","117.7","111.5"
"13","Ja Morant","Mem","G","23.8","5","37.4","30.1","13.8","26","0.769","75","0.427","31","0.419","0.486","0.524","24.6","6.8","7","1.8","0.2","3.4","31.4","31.6","38.4","11.3","107.3","107.7"
"14","LeBron James","Lal","F","38.5","16","38.7","26.7","11.9","92","0.761","189","0.63","106","0.264","0.546","0.584","24.5","9.9","6.5","1.1","1.1","2.5","34.4","31","40.9","12","117.3","109.1"
"15","Khris Middleton","Mil","F","31.8","5","34.6","28.3","16.4","30","0.867","54","0.5","32","0.406","0.541","0.6","23.8","6.4","6.2","0.6","0","3.4","30.2","30","36.4","11.3","117.1","106.8"
"16","Joel Embiid","Phi","C-F","29.2","9","37.4","30.9","18.6","84","0.905","125","0.488","28","0.179","0.448","0.561","23.7","9.8","2.7","0.7","2.8","3.9","33.4","26.3","36.1","9.2","105","106.6"
"17","Russell Westbrook","Lac","G","34.6","5","38.5","29.7","16","25","0.88","77","0.429","28","0.357","0.457","0.509","23.6","7.4","7.4","1.2","1.4","4","31","31","38.4","11.3","103.9","109.6"
"18","Desmond Bane","Mem","G","25","6","38.6","26.4","12.7","29","0.931","66","0.5","50","0.32","0.491","0.548","23.5","6","3.2","0.5","0","2.8","29.5","26.7","32.7","7.9","106.6","108.2"
"19","Mikal Bridges","Bro","F","26.8","4","39.4","29.7","9.4","23","0.783","52","0.442","25","0.4","0.494","0.539","23.5","5.3","4","0.5","0.5","2","28.8","27.5","32.8","8","106.9","116.8"
"20","Giannis Antetokounmpo","Mil","F","28.5","3","30.5","37.1","20.8","31","0.452","50","0.56","3","0","0.528","0.525","23.3","11","5.3","0.3","0.7","4.7","34.3","28.7","39.7","14.5","99.3","102.5"
"21","Donovan Mitchell","Cle","G","26.8","5","41.3","29.8","15.4","18","0.722","59","0.542","45","0.289","0.495","0.518","23.2","5","7.2","2","0.6","3.8","28.2","30.4","35.4","9.1","101.9","106.5"
"22","Dejounte Murray","Atl","G","26.7","5","38.1","25.3","8.8","9","1","66","0.485","37","0.378","0.515","0.538","23","7.2","6.8","2","0.2","2","30.2","29.8","37","10.9","115.3","114.7"
"23","Jaylen Brown","Bos","G-F","26.6","20","37.5","27.9","15.3","74","0.689","252","0.56","113","0.354","0.551","0.57","22.7","5.6","3.4","1.1","0.4","3.3","28.3","26.1","31.7","8.1","103.3","107.1"
"24","Anthony Davis","Lal","F-C","30.3","16","38","24.3","11.8","108","0.852","239","0.531","15","0.333","0.53","0.599","22.6","14.1","2.6","1.4","3.1","2.1","36.6","25.1","39.2","9.9","117.9","102.8"
"25","Norman Powell","Lac","G","30.1","5","33.5","24.5","9.5","31","0.774","44","0.523","32","0.406","0.559","0.608","21.8","3","2.2","0.8","0.4","1.6","24.8","24","27","6.3","118.8","110.4"
"26","Darius Garland","Cle","G","23.4","5","37.7","27.2","18.3","25","0.84","49","0.469","31","0.387","0.513","0.566","20.6","1.8","5","1.6","0.2","3.6","22.4","25.6","27.4","6","104.3","106.2"
"27","Tyrese Maxey","Phi","G","22.6","11","38.5","23.4","4","31","0.903","107","0.449","85","0.4","0.516","0.55","20.5","4.8","2.3","1.4","0.5","0.7","25.4","22.8","27.6","6.3","113.5","110.7"
"28","James Harden","Phi","G","33.8","11","38.8","26.2","16","55","0.873","101","0.406","82","0.378","0.478","0.538","20.3","6.2","8.3","1.8","0.4","3.2","26.5","28.5","34.7","10.5","110.3","108.4"
"29","RJ Barrett","Nyk","F-G","23","11","34.3","25.7","13.2","65","0.769","103","0.495","61","0.328","0.494","0.55","19.3","4.5","2.8","0.8","0.2","2.3","23.7","22.1","26.5","7.3","108.6","110.8"
"30","Brook Lopez","Mil","C","35.2","5","36.3","19.4","14","13","0.769","50","0.64","17","0.412","0.634","0.653","19","6.4","1.2","1.4","1.8","2.2","25.4","20.2","26.6","5.8","119.3","110"
"31","Malik Monk","Sac","G","25.4","7","29.3","24.6","12.2","49","0.898","54","0.463","39","0.333","0.478","0.58","19","5.4","3.6","0.7","0.4","1.9","24.4","22.6","28","9.8","118.1","111.2"
"32","Cameron Johnson","Bro","F","27.3","4","38","20.5","8.3","7","0.857","27","0.593","28","0.429","0.618","0.637","18.5","5.8","2.8","0.8","0.3","1.3","24.3","21.3","27","7.1","121.6","112.2"
"33","Klay Thompson","Gol","G","33.3","13","36","22.5","10.6","24","0.875","83","0.422","136","0.368","0.502","0.525","18.5","4.2","2.2","0.5","0.3","2","22.7","20.8","24.9","6.2","98.6","113.9"
"34","Karl-Anthony Towns","Min","C-F","27.6","5","36","25.8","20.4","28","0.75","46","0.565","24","0.25","0.5","0.553","18.2","10.2","2","0.6","0.8","3.6","28.4","20.2","30.4","8","96.9","102.9"
"35","Jaren Jackson Jr.","Mem","F-C","23.7","6","36.7","22.2","17.8","36","0.861","58","0.483","25","0.28","0.464","0.546","18","7.8","1.5","1","2","3","25.8","19.5","27.3","6.5","106.1","104.5"
"36","Bam Adebayo","Mia","C-F","25.9","23","36.9","23.9","15.1","95","0.821","344","0.485","3","0","0.481","0.53","17.9","9.9","3.7","0.9","0.7","2.7","27.8","21.6","31.5","9.4","105.8","105.7"
"37","Jrue Holiday","Mil","G","33","5","38.1","22.7","12.3","13","0.692","43","0.512","42","0.286","0.471","0.491","17.8","6.6","8","1","0.4","2.4","24.4","25.8","32.4","10.3","108.1","108.6"
"38","Austin Reaves","Lal","G","25","16","36.2","18.6","11.4","57","0.895","106","0.481","88","0.443","0.564","0.616","16.9","4.4","4.6","0.6","0.2","1.6","21.3","21.4","25.9","7.7","124.5","111"
"39","De'Andre Hunter","Atl","F-G","25.5","6","37.4","18.1","9.5","10","0.8","47","0.532","38","0.368","0.541","0.559","16.7","5.7","1.2","0.7","0.3","1.5","22.3","17.8","23.5","5.2","108.1","111.7"
"40","Andrew Wiggins","Gol","F","28.3","13","34","20.4","8.6","47","0.681","117","0.547","64","0.297","0.511","0.538","16.7","5.6","1.9","0.9","1.2","1.3","22.3","18.6","24.2","6.6","109.7","108.5"
"41","Julius Randle","Nyk","F-C","28.5","10","33","27.9","19.2","55","0.709","81","0.469","66","0.258","0.432","0.485","16.6","8.3","3.6","0.5","0.3","3.5","24.9","20.2","28.5","9.6","96","108.1"
"42","Spencer Dinwiddie","Bro","G","30.2","4","39.9","22.4","19","22","0.682","33","0.455","18","0.389","0.5","0.544","16.5","3.3","6.5","1.3","0.3","3","19.8","23","26.3","7.1","105.8","115.9"
"43","Domantas Sabonis","Sac","F-C","27.1","7","34.7","22.4","20.8","28","0.571","94","0.511","5","0.2","0.5","0.517","16.4","11","4.7","1.4","0.9","3.7","27.4","21.1","32.1","10.9","104.8","104.8"
"44","Tobias Harris","Phi","F","30.9","11","35.6","17.5","5.6","15","0.867","93","0.591","41","0.366","0.578","0.597","15.3","7.3","1.6","0.6","0.5","0.7","22.5","16.9","24.2","6.3","121.7","109.2"
"45","Rudy Gobert","Min","C","31","5","35.4","17.2","14.7","27","0.63","46","0.63","0","0","0.63","0.648","15","12.2","2","0.4","1","1.6","27.2","17","29.2","8.1","129.1","101.3"
"46","Caris LeVert","Cle","G","28.8","5","33.9","20.4","7.3","13","0.615","27","0.519","36","0.361","0.532","0.546","15","4.6","2.6","0.4","0.2","1","19.6","17.6","22.2","6.7","112.4","109.6"
"47","Marcus Smart","Bos","G","29.3","20","34","19.8","16.8","65","0.8","101","0.564","122","0.361","0.552","0.592","14.9","4","5.1","1.3","0.3","2.3","18.9","20","24","7.9","116.4","110.3"
"48","Deandre Ayton","Pho","C","24.9","10","31.9","19","13.3","23","0.522","111","0.55","0","0","0.55","0.553","13.4","9.7","1","0.6","0.7","1.7","23.1","14.4","24.1","6.4","107.4","104.3"
"49","Michael Porter Jr.","Den","F","25","20","32.7","17.6","3.7","29","0.793","103","0.515","131","0.351","0.521","0.541","13.4","8.1","1.6","0.5","0.6","0.5","21.5","14.9","23","6.8","114.1","108.8"
"50","Derrick White","Bos","G","28.9","20","29.7","16.5","8.9","34","0.912","74","0.581","110","0.455","0.641","0.671","13.4","3","2.1","0.6","1","0.9","16.3","15.5","18.4","5.9","129.3","110.5"
"51","Bogdan Bogdanovic","Atl","G","30.8","6","26.1","15.8","5.2","7","0.714","21","0.714","33","0.455","0.694","0.701","13.3","3","2.5","1","0.8","0.5","16.3","15.8","18.8","7.1","140.5","109.5"
"52","Aaron Gordon","Den","F","27.7","20","35.6","15.5","9.3","69","0.652","149","0.557","46","0.391","0.564","0.588","13.3","6","2.6","0.6","0.7","1","19.3","15.9","21.9","6.7","124.7","110.1"
"53","D'Angelo Russell","Lal","G","27.3","16","29.5","21.9","12.9","26","0.769","108","0.519","87","0.31","0.495","0.516","13.3","2.9","4.6","0.7","0.3","1.8","16.3","17.9","20.9","7.6","104.8","110.9"
"54","Caleb Martin","Mia","F","27.7","23","30.2","15.9","10.4","35","0.829","102","0.637","104","0.423","0.636","0.657","12.7","5.4","1.6","0.9","0.4","1","18.1","14.2","19.7","6.3","124.3","107.3"
"55","Gabe Vincent","Mia","G","27","22","30.5","19.6","11.2","34","0.882","111","0.432","135","0.378","0.506","0.535","12.7","1.4","3.5","0.9","0.2","1.4","14.1","16.2","17.6","5.2","107.2","108.2"
"56","Chris Paul","Pho","G","38.1","7","35.7","17.5","7.1","4","0.5","63","0.46","28","0.321","0.467","0.469","12.4","5","7.4","1.7","0.7","1","17.4","19.9","24.9","8.6","112.9","110.6"
"57","Rui Hachimura","Lal","F","25.3","16","24.3","17.7","7.1","34","0.882","92","0.587","39","0.487","0.63","0.668","12.2","3.6","0.6","0.5","0.3","0.6","15.8","12.8","16.4","4.9","127.3","110"
"58","Bruce Brown","Den","G-F","26.8","20","26.5","18.8","11.5","49","0.857","119","0.605","57","0.316","0.563","0.607","12","4","1.9","1.1","0.5","1.2","16","13.9","17.9","6.8","117.7","106.8"
"59","Mike Conley","Min","G","35.7","5","36.6","13.6","14.2","11","0.909","20","0.5","22","0.455","0.595","0.64","12","2.6","6.4","0.6","0","1.4","14.6","18.4","21","6.4","131.8","114.9"
"60","Pat Connaughton","Mil","G","30.4","4","22.1","16.1","6.2","4","0.75","7","0.857","23","0.478","0.75","0.756","12","5","1.8","1","0.3","0.5","17","13.8","18.8","8.6","148.1","101.3"
"61","Tyler Herro","Mia","G","23.4","1","19.5","23.1","10","0","0","5","0.6","4","0.5","0.667","0.667","12","2","2","0","1","1","14","14","16","7.5","119","113.4"
"62","Malcolm Brogdon","Bos","G","30.5","19","24.9","22","8.8","35","0.829","109","0.45","87","0.379","0.503","0.535","11.9","3.5","2.9","0.2","0.3","1","15.4","14.8","18.3","7.9","111.5","110.8"
"63","Grayson Allen","Mil","G","27.7","5","29.9","13.6","8.8","7","0.857","12","0.417","29","0.483","0.634","0.658","11.6","2.4","1.8","0.4","0","0.8","14","13.4","15.8","4.9","127.5","113.2"
"64","Victor Oladipo","Mia","G","31.1","2","22.7","22.2","9.5","3","0.333","14","0.571","5","0.4","0.579","0.566","11.5","3.5","1","1","0.5","1","15","12.5","16","6","103.6","103.1"
"65","John Collins","Atl","F-C","25.7","6","27.4","18","13","6","0.833","28","0.536","32","0.344","0.525","0.543","11.3","4.3","0.8","0.3","1","1.5","15.7","12.2","16.5","4.9","102.4","113.2"
"66","Harrison Barnes","Sac","F","31","7","28.1","15","4.7","26","0.731","35","0.543","25","0.24","0.467","0.525","10.7","3.4","0.7","1.1","0.3","0.4","14.1","11.4","14.9","4.2","114.7","117.4"
"67","Kentavious Caldwell-Pope","Den","G","30.3","20","33.5","12.9","8.5","35","0.829","70","0.557","92","0.38","0.565","0.598","10.6","3.3","1.6","1.3","0.7","0.8","13.9","12.2","15.4","4.6","119.4","110.4"
"68","Terance Mann","Lac","G-F","26.7","5","26.6","14.5","21.3","9","0.667","14","0.714","19","0.474","0.712","0.717","10.6","3.2","2.2","0.8","0.2","1.8","13.8","12.8","16","6.3","124.3","106.4"
"69","Dillon Brooks","Mem","G-F","27.4","6","27.9","21.8","8.3","7","0.714","35","0.4","42","0.238","0.377","0.393","10.5","3","1.8","0.2","0","1.2","13.5","12.3","15.3","5.5","84.8","105.7"
"70","Nic Claxton","Bro","F-C","24.2","4","29.2","13.7","10.6","10","0.6","25","0.72","0","0","0.72","0.714","10.5","8","1.5","0.3","1.8","0.8","18.5","12","20","6.9","137.8","109"
"71","Josh Hart","Nyk","G","28.3","11","32.1","15.8","18.2","22","0.636","62","0.565","32","0.313","0.532","0.55","10.4","7.4","2.2","0.8","0.3","1.9","17.7","12.5","19.9","6.9","106.4","104.2"
"72","Jordan Poole","Gol","G","24","13","21.8","23.9","10","34","0.765","72","0.417","63","0.254","0.4","0.447","10.3","2.2","3.5","0.8","0.2","1.2","12.5","13.8","16","7.9","99.6","107.6"
"73","Eric Gordon","Lac","G","34.5","5","29.8","14.3","8.3","6","0.833","15","0.533","29","0.345","0.523","0.547","10.2","1.4","2.6","0.6","0.4","0.8","11.6","12.8","14.2","4.5","113.5","113"
"74","Evan Mobley","Cle","C","22","5","37.5","15.9","19.9","8","0.625","47","0.468","1","0","0.458","0.476","9.8","10","2","0.6","1.2","2.4","19.8","11.8","21.8","6.2","96.4","105.8"
"75","Keegan Murray","Sac","F","22.8","7","27.7","13.2","6.4","6","0.667","26","0.538","32","0.375","0.552","0.561","9.7","6.3","0.7","0.6","0.3","0.6","16","10.4","16.7","5.1","119.3","109.5"
"76","Bobby Portis","Mil","F","28.3","5","21.5","18.2","8.8","3","1","23","0.652","18","0.278","0.549","0.567","9.6","8.2","1.2","0.6","0.4","0.8","17.8","10.8","19","8.5","118.5","96.6"
"77","Jarrett Allen","Cle","C","25.1","5","38.1","10.3","7.6","6","0.5","36","0.611","0","0","0.611","0.608","9.4","7.4","2.4","0.8","1","0.6","16.8","11.8","19.2","5.8","136","109.7"
"78","Draymond Green","Gol","F","33.3","12","30.6","14.9","22.8","33","0.727","71","0.521","20","0.25","0.489","0.535","9.4","6.9","6.8","1.4","1","2.3","16.3","16.3","23.2","10","116.6","102.2"
"79","Max Strus","Mia","G-F","27.2","23","28.2","14.3","3.1","25","0.8","54","0.611","135","0.319","0.516","0.538","9.3","3.6","1.4","0.3","0.3","0.3","13","10.8","14.4","5.1","114.8","110.1"
"80","Kyle Lowry","Mia","G","37.2","23","26.1","17.2","18.7","33","0.939","86","0.477","88","0.375","0.52","0.562","9.2","3.5","4.4","1","0.6","1.7","12.7","13.6","17.1","8","111","105.1"
"81","Ivica Zubac","Lac","C","26.2","5","26","15.6","26.6","16","0.75","30","0.567","0","0","0.567","0.621","9.2","9.6","0.6","0.6","0.2","2.2","18.8","9.8","19.4","5.8","112.3","109.1"
"82","Kevin Huerter","Sac","G-F","24.8","7","26.3","17.1","5.2","8","0.75","33","0.515","39","0.205","0.403","0.424","9.1","4.4","1.1","0.4","1.3","0.6","13.6","10.3","14.7","5.4","89.1","105.9"
"83","Immanuel Quickley","Nyk","G","24","8","21.9","21.4","11.9","20","0.85","29","0.483","37","0.243","0.417","0.481","9","1.6","1","0.5","0","1.1","10.6","10","11.6","4.4","97.5","112.8"
"84","Duncan Robinson","Mia","F","29.1","23","18.2","19.6","11.2","8","0.875","45","0.556","113","0.442","0.633","0.641","9","1.5","1.7","0.3","0.1","0.9","10.5","10.7","12.2","6.2","116.6","108.9"
"85","Marcus Morris Sr.","Lac","F","33.8","3","22.8","19.5","3.3","4","1","17","0.471","12","0.167","0.379","0.423","8.7","4","0","0.3","0.3","0.3","12.7","8.7","12.7","0","88.4","109.2"
"86","Xavier Tillman","Mem","F","24.4","6","30.6","11.7","8.1","5","0.6","41","0.561","4","0.25","0.544","0.551","8.7","8","3.2","0.7","0.7","0.7","16.7","11.8","19.8","7.9","128.3","105.2"
"87","Bones Hyland","Lac","G","22.7","5","16.5","26.8","8.3","10","0.8","24","0.417","20","0.25","0.398","0.444","8.6","0.8","0.8","0.8","0.2","0.8","9.4","9.4","10.2","4.3","90.4","108.2"
"88","Kyle Anderson","Min","F-G","29.7","4","25.9","16.5","16.5","2","1","24","0.542","6","0.333","0.533","0.551","8.5","4","4.5","1.8","0.5","1.5","12.5","13","17","8.3","113.1","102.8"
"89","Nickeil Alexander-Walker","Min","G","24.8","5","29.6","12.6","10.2","3","0.667","10","0.5","25","0.4","0.571","0.578","8.4","2","1.4","0.6","0.2","0.8","10.4","9.8","11.8","3.9","109.4","114.6"
"90","Clint Capela","Atl","C","29.1","6","25.2","12.2","9.5","6","0.667","38","0.605","0","0","0.605","0.615","8.3","8.3","0.5","1","0.5","0.7","16.7","8.8","17.2","5.2","127.4","113.4"
"91","Seth Curry","Bro","G","32.8","3","19.4","18.1","4.9","3","0.667","10","0.7","9","0.333","0.605","0.615","8.3","1","2","0","0","0.3","9.3","10.3","11.3","5.3","124.8","119.5"
"92","Mason Plumlee","Lac","F-C","33.3","5","18.2","11.6","15.5","14","0.929","16","0.875","0","0","0.875","0.925","8.2","6.8","1.8","0.4","0.4","0.6","15","10","16.8","10.2","183.7","99.2"
"93","Cameron Payne","Pho","G","28.8","7","21.8","16.8","15.8","3","0","21","0.571","27","0.407","0.594","0.578","8.1","2","2.9","0.4","0.3","1.3","10.1","11","13","6.6","107.6","109.2"
"94","De'Anthony Melton","Phi","G","25","11","24.9","15.6","9","8","0.75","32","0.375","49","0.388","0.5","0.515","7.9","3.3","1.6","1.2","0.8","0.7","11.2","9.5","12.8","5.6","110.4","109.3"
"95","Taurean Prince","Min","F","29.2","5","20","19.4","13","9","0.778","12","0.333","21","0.381","0.485","0.528","7.8","1.4","0.8","0.6","0.2","1","9.2","8.6","10","4.1","101.1","111.5"
"96","Robert Williams III","Bos","C-F","25.7","20","20.9","12.3","15.8","28","0.679","84","0.798","1","0","0.788","0.786","7.7","6","1","0.5","1.3","0.8","13.6","8.6","14.6","6.9","145.8","102.5"
"97","Saddiq Bey","Atl","F","24.2","6","22.1","14.3","4.7","9","0.889","22","0.364","18","0.389","0.463","0.512","7.5","4","1","0.5","0","0.3","11.5","8.5","12.5","5.6","115.7","118.4"
"98","Dennis Schroder","Lal","G","29.7","16","26.1","14.3","16.2","28","0.821","64","0.438","39","0.333","0.461","0.512","7.4","1.9","2.9","1","0.2","1.3","9.3","10.3","12.2","5.3","102.4","107.4"
"99","Luke Kennard","Mem","G","27","5","21.3","10.1","4.1","4","1","7","0.571","16","0.5","0.696","0.727","7.2","4","1.4","0.8","0","0.2","11.2","8.6","12.6","6.4","153.9","107.1"
"100","Davion Mitchell","Sac","G","24.8","7","19.8","15.6","11.5","6","0.833","19","0.632","27","0.259","0.489","0.514","7.1","1.3","1.7","0.9","0.1","0.9","8.4","8.9","10.1","5.1","104.5","115.3"
"101","Obi Toppin","Nyk","F","25.3","11","15.9","20.5","10.2","5","0.8","27","0.63","43","0.302","0.521","0.533","7","3.5","0.6","0.7","0.3","0.7","10.5","7.6","11.2","6.2","107.7","107.7"
"102","Kevin Love","Mia","F-C","34.8","20","17.9","17.1","7.7","16","0.875","31","0.387","88","0.375","0.517","0.543","6.9","5.6","1.2","0.5","0.4","0.5","12.4","8.1","13.6","8","112.6","101.9"
"103","Joe Ingles","Mil","F-G","35.7","5","17.8","13.7","20.7","0","0","3","0.667","20","0.5","0.739","0.739","6.8","1.2","2","0.6","0.2","1.2","8","8.8","10","5.7","123.1","109"
"104","Gary Payton II","Gol","G","30.5","12","16","14.8","16.8","9","0.667","39","0.821","15","0.267","0.704","0.707","6.8","3.7","0.8","0.7","0.5","0.9","10.5","7.6","11.3","6.8","128.4","107.8"
"105","Al Horford","Bos","C-F","37","20","30.8","10.6","7.7","4","0.75","38","0.605","94","0.298","0.492","0.497","6.7","7.2","3","1.1","1.7","0.6","13.8","9.6","16.8","6.8","119","105.3"
"106","Trey Lyles","Sac","F","27.6","7","16.8","15.2","6.9","5","0.6","13","0.615","27","0.333","0.538","0.545","6.6","5.7","0.7","0.3","0","0.4","12.3","7.3","13","7.1","116.1","105.9"
"107","Santi Aldama","Mem","F-C","22.4","6","16.8","14.9","5.6","2","1","18","0.444","15","0.467","0.561","0.576","6.5","4.3","1.2","0.5","0","0.3","10.8","7.7","12","7.7","125.5","108.9"
"108","Torrey Craig","Pho","F","32.5","11","16.7","12.5","6.2","9","0.889","20","0.75","25","0.44","0.7","0.725","6.5","2.3","0.5","0.5","0.2","0.3","8.7","7","9.3","4.7","142.3","105.5"
"109","Kevon Looney","Gol","F","27.3","13","25","10.7","16.8","18","0.556","64","0.578","0","0","0.578","0.584","6.5","13.1","3.3","0.6","0.4","1","19.5","9.8","22.8","10.5","140.6","101"
"110","Mitchell Robinson","Nyk","C-F","25.2","11","27.1","10.9","17.2","33","0.394","48","0.604","0","0","0.604","0.568","6.5","9.3","0.8","0.8","1.5","0.9","15.7","7.3","16.5","5.4","128.8","105.6"
"111","Isaac Okoro","Cle","F-G","22.4","5","14.9","18.7","14.6","6","1","10","0.7","13","0.308","0.565","0.624","6.4","1.4","0.8","0.4","0.4","0.8","7.8","7.2","8.6","5.2","117.4","101.9"
"112","Dorian Finney-Smith","Bro","F","30.1","4","25.1","13.7","17.9","0","0","6","0.333","17","0.412","0.543","0.543","6.3","4.5","0.8","0.8","0.5","1.3","10.8","7","11.5","4.5","101.4","111.5"
"113","Lonnie Walker IV","Lal","G-F","24.5","13","13.8","17","6.2","12","0.75","26","0.615","34","0.382","0.592","0.613","6.2","0.9","0.8","0.5","0.1","0.3","7.1","7","7.9","4.8","120.2","108.2"
"114","Jock Landale","Pho","C","27.6","7","16.2","13.7","6.8","14","0.643","26","0.654","1","0","0.63","0.648","6.1","4","0.4","0.4","0.4","0.3","10.1","6.6","10.6","5.3","136","102.9"
"115","Terence Davis","Sac","G","26.1","4","14.4","16.4","12.8","2","1","3","0.667","17","0.353","0.55","0.575","6","2.3","1.5","0.3","0","0.8","8.3","7.5","9.8","7.6","114","98.2"
"116","Wesley Matthews","Mil","G","36.7","2","20.7","9.2","0","0","0","2","0","7","0.571","0.667","0.667","6","1.5","0.5","1","0.5","0","7.5","6.5","8","3.2","140.8","108.9"
"117","Onyeka Okongwu","Atl","F-C","22.5","6","21.9","11.4","21.7","10","0.5","24","0.583","1","1","0.62","0.612","6","6.3","1.2","0.3","1.3","1.2","12.3","7.2","13.5","6.5","124.1","105.9"
"118","Cedi Osman","Cle","F","28.2","5","18.6","17.1","16.5","9","0.667","5","0.6","20","0.3","0.48","0.518","6","3","1","0.4","0.2","1","9","7","10","5.6","97.5","99.9"
"119","Moses Moody","Gol","G","21","12","13.5","12.8","4.4","12","0.917","21","0.476","22","0.591","0.686","0.725","5.8","2.6","0.7","0.4","0.3","0.2","8.4","6.5","9.1","6.5","147.6","106.1"
"120","Donte DiVincenzo","Gol","G","26.4","13","18.1","15.1","20.9","12","0.667","20","0.45","44","0.341","0.492","0.512","5.5","3","2.8","0.8","0.2","1.3","8.5","8.2","11.2","7.9","106","109"
"121","Quentin Grimes","Nyk","G","23.1","9","26.9","11.2","17.7","11","0.818","9","0.556","37","0.243","0.402","0.452","5.1","2.8","1.4","1","0.6","1.1","7.9","6.6","9.3","4","92.4","110.2"
"122","Grant Williams","Bos","F","24.5","15","17.7","10.5","7","10","0.8","13","0.538","40","0.45","0.642","0.662","5.1","2.2","1.2","0.3","0.4","0.3","7.3","6.3","8.5","5.4","139.2","107.1"
"123","Royce O'Neale","Bro","F","30","4","29.5","14.1","12","2","1","7","0.429","22","0.182","0.31","0.335","5","4.3","3.5","1.3","0.3","1","9.3","8.5","12.8","5.7","88.2","108.5"
"124","P.J. Tucker","Phi","F","38.1","11","26.7","9","8.9","3","0.667","11","0.455","40","0.35","0.51","0.516","4.9","4.5","1.5","1.2","0.3","0.5","9.5","6.4","10.9","4.8","120.9","106.2"
"125","Landry Shamet","Pho","G","26.3","10","18.4","12.1","8.1","4","0.75","16","0.375","29","0.379","0.5","0.513","4.8","1.7","1.1","0.2","0.1","0.4","6.5","5.9","7.6","4.5","108.1","112.2"
"126","Paul Reed","Phi","F","24","11","14.3","13.9","13.5","7","1","38","0.579","0","0","0.579","0.621","4.6","5.5","0.6","0.5","0.4","0.5","10.1","5.3","10.7","6.9","137.4","103.8"
"127","Jarred Vanderbilt","Lal","F","24.2","15","16.4","14.6","17.7","20","0.7","31","0.548","29","0.241","0.458","0.501","4.6","3.2","0.8","0.7","0.8","0.9","7.8","5.4","8.6","5.5","102.8","102.5"
"128","Tyus Jones","Mem","G","27.1","6","20.1","15.8","18.1","3","0.667","17","0.471","19","0.158","0.347","0.362","4.5","3","3.7","1.3","0","1.3","7.5","8.2","11.2","7.3","87.8","109.6"
"129","Nicolas Batum","Lac","G-F","34.5","5","18.3","9.6","9.5","0","0","2","1","17","0.353","0.579","0.579","4.4","2.2","1.2","0.4","0.4","0.4","6.6","5.6","7.8","5","116.9","107.8"
"130","Georges Niang","Phi","F","30","11","14.3","12.1","12.2","0","0","10","0.6","26","0.462","0.667","0.667","4.4","0.4","0.2","0","0.2","0.5","4.7","4.5","4.9","2","110.6","110.7"
"131","Jalen Johnson","Atl","F","21.5","6","9.3","22.2","17","2","1","13","0.462","11","0.364","0.5","0.523","4.3","2.5","1.3","0.5","0","0.8","6.8","5.7","8.2","10.4","101.8","106.4"
"132","Jeff Green","Den","F","36.8","20","17.2","10.4","12.6","19","0.895","34","0.559","28","0.321","0.524","0.583","4.1","1.6","0.7","0.3","0.4","0.5","5.7","4.8","6.4","3.9","114.6","106"
"133","Josh Okogie","Pho","G","24.8","10","17.5","11.5","7.4","13","0.846","23","0.522","14","0.143","0.405","0.48","4.1","2.1","1.3","0.6","0.2","0.3","6.2","5.4","7.5","5.1","118","109.1"
"134","Robin Lopez","Cle","C","35.2","2","3.1","37.6","22.5","2","1","3","1","0","0","1","1.031","4","0.5","0","0","0","0.5","4.5","4","4.5","0","",""
"135","David Roddy","Mem","F","22.2","6","12.6","16.8","3.3","1","1","9","0.222","20","0.3","0.379","0.391","3.8","2.8","0.7","0","0.3","0.2","6.7","4.5","7.3","6.2","94.9","107.8"
"136","Terrence Ross","Pho","G-F","32.4","6","11.5","17.8","3.6","0","0","5","0.4","22","0.273","0.407","0.407","3.7","1.3","0.2","0.2","0.3","0.2","5","3.8","5.2","3.4","84.1","110.1"
"137","Bismack Biyombo","Pho","C","30.8","8","9.8","16.8","27","18","0.5","16","0.563","0","0","0.563","0.564","3.4","3.4","0.8","0","1.3","0.8","6.8","4.1","7.5","8.6","111.1","91.5"
"138","Jonathan Kuminga","Gol","F","20.7","10","6.1","21.5","14.2","9","0.556","17","0.588","7","0.429","0.604","0.608","3.4","0.9","0.5","0.2","0","0.4","4.3","3.9","4.8","7.6","114.6","111.3"
"139","JaMychal Green","Gol","F-C","33","7","7","21.1","8","0","0","5","0.8","18","0.278","0.5","0.5","3.3","0.7","0.4","0","0.1","0.3","4","3.7","4.4","5.6","95.9","98.9"
"140","Haywood Highsmith","Mia","F","26.5","18","8.9","12.1","4.8","5","0.8","23","0.696","16","0.5","0.718","0.728","3.3","1.3","0.3","0.6","0.1","0.1","4.7","3.6","4.9","4.9","146","101.6"
"141","Christian Braun","Den","G","22.2","19","13","11.6","18.1","19","0.579","35","0.629","10","0.2","0.556","0.572","3.2","2.1","0.6","0.6","0.2","0.5","5.3","3.8","5.8","4.9","110.5","104"
"142","Jaylen Nowell","Min","G","23.9","5","12.4","21.5","7.1","2","0.5","17","0.176","9","0.333","0.288","0.298","3.2","1","0.6","0","0","0.4","4.2","3.8","4.8","4","73.4","116.8"
"143","Payton Pritchard","Bos","G","25.4","10","5.7","23.3","18.3","5","0.8","12","0.667","10","0.4","0.636","0.661","3.2","0.6","1.1","0.1","0","0.5","3.8","4.3","4.9","9","120.3","111.2"
"144","Isaiah Hartenstein","Nyk","C-F","25.1","11","20","7.1","17.6","16","0.75","23","0.478","0","0","0.478","0.566","3.1","4.6","1.3","0.8","1.4","0.5","7.7","4.4","9","5.3","136","101.9"
"145","Malik Beasley","Lal","G","26.5","11","8.3","18.7","5.5","6","1","8","0.375","26","0.269","0.397","0.45","3","0.7","0.2","0.1","0","0.2","3.7","3.2","3.9","3.6","95.9","112.4"
"146","Day'Ron Sharpe","Bro","F","21.6","2","9.9","14.7","36.8","2","1","3","0.667","0","0","0.667","0.773","3","3","2.5","0","0.5","1","6","5.5","8.5","11.4","138.2","101.1"
"147","Cam Thomas","Bro","G","21.7","2","7.9","25.1","12.5","0","0","5","0.6","2","0","0.429","0.429","3","0.5","0.5","0","0","0.5","3.5","3.5","4","4.6","79.1","108.6"
"148","Yuta Watanabe","Bro","G-F","28.7","1","4.7","40.6","33.3","2","0","0","0","2","0.5","0.75","0.521","3","1","0","0","0","1","4","3","4","0","60.1","118"
"149","Danuel House Jr.","Phi","F-G","30","7","6","24.7","4.5","1","1","11","0.727","10","0.1","0.452","0.466","2.9","1.7","0.1","0","0","0.1","4.6","3","4.7","5.3","90.8","104.3"
"150","PJ Dozier","Sac","G-F","26.6","3","2","39","0","0","0","2","0.5","4","0.5","0.667","0.667","2.7","0.7","0","0","0","0","3.3","2.7","3.3","0","",""
"151","Alex Len","Sac","C","30","7","7.8","13.6","42.8","6","0.833","9","0.778","0","0","0.778","0.816","2.7","2.9","0.1","0","0.4","1","5.6","2.9","5.7","4.7","112.9","88.9"
"152","T.J. Warren","Pho","F","29.8","6","13.4","11.9","4.9","4","0.75","12","0.417","7","0.143","0.342","0.385","2.7","1.2","0.5","0.2","0.5","0.2","3.8","3.2","4.3","3.5","91.2","114.7"
"153","MarJon Beauchamp","Mil","F","22.7","2","2.6","24.3","0","0","0","2","0.5","1","1","0.833","0.833","2.5","0.5","0","0","0","0","3","2.5","3","0","",""
"154","Austin Rivers","Min","G","30.9","4","11.6","9","11.1","0","0","2","1","6","0.333","0.625","0.625","2.5","1.3","0.3","0.3","0","0.3","3.8","2.8","4","3.4","115.4","118.1"
"155","Lamar Stevens","Cle","F","25.9","2","4.4","15.4","0","2","1","1","0","1","1","0.75","0.868","2.5","1.5","0","0","0","0","4","2.5","4","0","180.1","110"
"156","Jalen McDaniels","Phi","F-C","25.4","8","12.7","10.5","13","0","0","11","0.455","9","0.333","0.475","0.475","2.4","2","0.6","0.1","0","0.4","4.4","3","5","4.5","98.8","109.8"
"157","Jaden Springer","Phi","G","20.7","4","4.2","16.1","19.2","2","0.5","4","1","0","0","1","0.922","2.3","0","0","0.3","0","0.3","2.3","2.3","2.3","0","133.8","105.7"
"158","Cody Zeller","Mia","F-C","30.7","21","8.3","14.1","27","15","0.4","35","0.571","0","0","0.571","0.553","2.2","2.3","0.3","0.1","0.2","0.6","4.5","2.5","4.8","5.5","95.1","97.2"
"159","Luke Kornet","Bos","F-C","27.9","8","4","12.4","0","2","1","7","0.857","1","1","0.938","0.957","2.1","1.3","0","0","0.1","0","3.4","2.1","3.4","0","203.9","110"
"160","Damion Lee","Pho","G-F","30.6","8","11.1","10.8","4.7","2","1","5","0.6","15","0.2","0.375","0.407","2.1","1.4","0.6","0.3","0","0.1","3.5","2.8","4.1","4.4","102.8","110.5"
"161","David Duke Jr.","Bro","G","23.7","1","4.7","41.9","25","0","0","2","0.5","1","0","0.333","0.333","2","0","0","0","0","1","2","2","2","0","47.8","101.1"
"162","Sam Hauser","Bos","F","25.5","15","6.9","13","0","2","1","5","0.4","24","0.333","0.483","0.502","2","1.1","0.3","0.1","0.1","0","3.1","2.3","3.4","5","117.3","108.8"
"163","Goran Dragic","Mil","G","37.1","2","3.7","21.7","0","4","1","1","0","1","0","0","0.532","2","0","0.5","0","0","0","2","2.5","2.5","0","",""
"164","Troy Brown Jr.","Lal","G-F","23.9","12","10.4","9.9","0","0","0","13","0.615","15","0.133","0.393","0.393","1.8","2","0.9","0.2","0.1","0","3.8","2.8","4.8","5.7","105.6","112.7"
"165","Jae Crowder","Mil","F","32.9","4","10.3","15.3","7","2","0.5","7","0.429","6","0","0.231","0.252","1.8","1","0.8","0.5","0","0.3","2.8","2.5","3.5","4.4","67.9","103"
"166","Joe Harris","Bro","G-F","31.8","4","10.9","19","18.2","2","1","1","1","12","0.083","0.192","0.252","1.8","1.3","0","0.5","0","0.8","3","1.8","3","0","44.1","105.8"
"167","Kenneth Lofton Jr.","Mem","F","20.8","4","3","31.2","0","2","0.5","6","0.5","2","0","0.375","0.394","1.8","0.8","0.3","0","0","0","2.5","2","2.8","10.1","",""
"168","Tristan Thompson","Lal","C-F","32.3","6","5.4","19.4","8.3","5","0.2","11","0.455","0","0","0.455","0.417","1.8","1.7","0.3","0","0","0.2","3.5","2.2","3.8","7.2","98.5","113"
"169","Mike Muscala","Bos","F-C","32","6","3.5","14.4","18.8","4","0.75","0","0","4","0.5","0.75","0.781","1.5","0.7","0.2","0","0","0.2","2.2","1.7","2.3","6.8","",""
"170","Max Christie","Lal","G","20.3","9","3.7","15.6","0","4","0.5","6","0.667","4","0.25","0.55","0.553","1.4","0.8","0.3","0","0.1","0","2.2","1.8","2.6","7.5","",""
"171","Jevon Carter","Mil","G","27.7","4","12.3","7.7","0","0","0","2","0.5","7","0.143","0.278","0.278","1.3","1","1","0.3","0","0","2.3","2.3","3.3","3.5","85","115.4"
"172","DeAndre Jordan","Den","C","34.9","4","3.4","19.7","38.3","2","0.5","3","0.667","0","0","0.667","0.644","1.3","1","0.3","0","0.3","0.5","2.3","1.5","2.5","8.6","",""
"173","Shake Milton","Phi","G-F","26.7","6","3.5","15.2","15.5","2","1","4","0.75","1","0","0.6","0.68","1.3","0.5","0.3","0.3","0","0.2","1.8","1.7","2.2","6.6","",""
"174","Ziaire Williams","Mem","F","21.8","4","3","31.4","22.2","0","0","4","0.25","3","0.333","0.357","0.357","1.3","0.5","0.5","0","0","0.5","1.8","1.8","2.3","9.2","",""
"175","Shaquille Harrison","Lal","G","29.7","8","3.5","12.5","0","2","0.5","6","0.5","1","1","0.643","0.635","1.3","0.4","1.1","0.3","0","0","1.6","2.4","2.8","9.5","",""
"176","Wenyen Gabriel","Lal","F","26.2","10","3.7","15.8","16.3","3","0.667","10","0.4","0","0","0.4","0.442","1","0.9","0","0.2","0.3","0.2","1.9","1","1.9","0","",""
"177","Nathan Knight","Min","F-C","25.7","2","2.4","49.2","20","0","0","2","0.5","2","0","0.25","0.25","1","0.5","0","0","0","0.5","1.5","1","1.5","0","",""
"178","Zeke Nnaji","Den","F-C","22.4","5","2.4","18.5","20","0","0","1","1","3","0.333","0.625","0.625","1","0.4","0","0.2","0","0.2","1.4","1","1.4","0","",""
"179","Dean Wade","Cle","F-C","26.6","2","5.6","8","0","2","1","0","0","1","0","0","0.532","1","1.5","0","0","0","0","2.5","1","2.5","0","124.7","112.2"
"180","Peyton Watson","Den","G","20.8","5","2.7","19.8","16.7","0","0","3","0.333","2","0.5","0.5","0.5","1","0.8","0.2","0","0.2","0.2","1.8","1.2","2","8","",""
"181","Danny Green","Cle","G","36","4","9.9","8.3","28.6","0","0","1","0","4","0.25","0.3","0.3","0.8","1.8","0.3","0.5","0.3","0.5","2.5","1","2.8","3.1","69.5","93.2"
"182","John Konchar","Mem","G","27.2","5","9.7","8.6","10","0","0","5","0.4","4","0","0.222","0.222","0.8","2","0.8","0.4","0.4","0.2","2.8","1.6","3.6","4.5","85.5","102.1"
"183","Anthony Lamb","Gol","F","25.4","6","5.3","9.1","28.6","0","0","1","1","4","0.25","0.5","0.5","0.8","1","0","0.2","0.2","0.3","1.8","0.8","1.8","0","74.8","107.5"
"184","Furkan Korkmaz","Phi","G-F","25.9","3","3.8","15.9","29.1","2","1","1","0","1","0","0","0.347","0.7","0.3","0.3","0","0","0.3","1","1","1.3","4.2","",""
"185","Chimezie Metu","Sac","F-C","26.2","3","2","21.6","43.6","3","0.667","1","0","0","0","0","0.431","0.7","0.3","0","0","0","0.3","1","0.7","1","0","",""
"186","Reggie Jackson","Den","G","33.2","6","3","7.5","33.3","0","0","0","0","2","0.5","0.75","0.75","0.5","0.3","0.3","0.2","0","0.2","0.8","0.8","1.2","4.7","",""
"187","Raul Neto","Cle","G","31.1","2","3.5","26.4","62.1","2","0.5","0","0","1","0","0","0.266","0.5","0","0.5","0","0","1","0.5","1","1","0","",""
"188","Ish Smith","Den","G","34.9","4","3","7.6","0","0","0","2","0.5","0","0","0.5","0.5","0.5","0.3","0.3","0","0","0","0.8","0.8","1","4.7","",""
"189","Ish Wainright","Pho","F","28.8","6","3.5","8.4","0","0","0","0","0","4","0.25","0.375","0.375","0.5","0.2","0","0","0.2","0","0.7","0.5","0.7","0","",""
"190","Omer Yurtseven","Mia","C","25","8","2","23","12.5","0","0","5","0.4","2","0","0.286","0.286","0.5","0.6","0.1","0","0.1","0.1","1.1","0.6","1.3","6.2","",""
"191","Justin Champagnie","Bos","G-F","22","4","2.6","17.2","0","0","0","1","1","3","0","0.25","0.25","0.5","0","0","0","0","0","0.5","0.5","0.5","0","",""
"192","Miles McBride","Nyk","G","22.8","8","2.6","8.8","0","0","0","1","0","3","0.333","0.375","0.375","0.4","0.3","0.1","0","0.1","0","0.6","0.5","0.8","3.5","",""
"193","Nikola Jovic","Mia","F","20","7","1.8","14.3","0","0","0","2","0.5","2","0","0.25","0.25","0.3","0.7","0","0","0","0","1","0.3","1","0","",""
"194","Thanasis Antetokounmpo","Mil","F","30.9","2","2.6","0","","0","0","0","0","0","0","","","0","0","0","0","0","0","0","0","0","0","",""
"195","Patrick Baldwin Jr.","Gol","F","20.6","3","3.8","10.7","0","0","0","0","0","3","0","0","0","0","1","0.3","0","0","0","1","0.3","1.3","0","",""
"196","Mo Bamba","Lal","C","25.1","3","3.4","8.6","0","0","0","1","0","1","0","0","0","0","1","0.3","0","0.3","0","1","0.3","1.3","0","",""
"197","Brandon Boston Jr.","Lac","G","21.5","1","1","42","100","0","0","0","0","0","0","","","0","0","0","0","0","1","0","0","0","0","",""
"198","Thomas Bryant","Den","C-F","25.9","1","0.5","0","","0","0","0","0","0","0","","","0","0","0","0","0","0","0","0","0","0","",""
"199","Vlatko Cancar","Den","F","26.2","5","2","22.3","0","0","0","1","0","4","0","0","0","0","0.6","0.2","0","0","0","0.6","0.2","0.8","0","",""
"200","Amir Coffey","Lac","G-F","26","1","1","0","","0","0","0","0","0","0","","","0","0","0","0","0","0","0","0","0","0","",""
"201","Robert Covington","Lac","F","32.5","2","6","10.5","0","0","0","1","0","2","0","0","0","0","1","1","0","0.5","0","1","1","2","0","42.7","101.1"
"202","Kessler Edwards","Sac","F","22.8","6","1.2","0","","0","0","0","0","0","0","","","0","0.2","0","0","0","0","0.2","0","0.2","0","",""
"203","Blake Griffin","Bos","F","34.2","1","5.9","7.7","0","0","0","1","0","0","0","0","0","0","2","0","0","0","0","2","0","2","0","74.4","79"
"204","Montrezl Harrell","Phi","F-C","29.4","2","3.5","19.8","0","0","0","3","0","0","0","0","0","0","0.5","0","0","0","0","0.5","0","0.5","0","",""
"205","Udonis Haslem","Mia","F","43","2","1.5","45.1","0","0","0","2","0","1","0","0","0","0","0.5","0","0","0","0","0.5","0","0.5","0","",""
"206","Aaron Holiday","Atl","G","26.7","1","3.9","10.6","100","0","0","0","0","0","0","","","0","0","1","0","0","1","0","1","1","0","",""
"207","Meyers Leonard","Mil","F-C","31.3","2","2.6","8.1","0","0","0","1","0","0","0","0","0","0","0.5","0","0","0","0","0.5","0","0.5","0","",""
"208","Jordan McLaughlin","Min","G","27.2","2","7.1","13.1","0","0","0","2","0","2","0","0","0","0","1","1","0","0","0","1","1","2","0","33","104.4"
"209","Patty Mills","Bro","G","34.8","1","5.3","18.6","0","0","0","0","0","2","0","0","0","0","0","0","0","0","0","0","0","0","0","0","103.8"
"210","Josh Minott","Min","F","20.5","1","6.3","14.7","50","0","0","0","0","1","0","0","0","0","0","0","2","1","1","0","0","0","0","0","88.3"
"211","Wendell Moore Jr.","Min","G","21.7","1","2.1","22","100","0","0","0","0","0","0","","","0","0","0","0","0","1","0","0","0","0","",""
"212","Jason Preston","Lac","G","23.8","1","1","0","","0","0","0","0","0","0","","","0","0","0","0","0","0","0","0","0","0","",""
"213","Derrick Rose","Nyk","G","34.7","1","2.5","71.4","0","0","0","3","0","1","0","0","0","0","0","1","0","0","0","0","1","1","0","",""
"214","Ricky Rubio","Cle","G","32.6","3","5.7","16.6","83.3","0","0","1","0","0","0","0","0","0","2","1","0.3","0","1.7","2","1","3","0","46.2","76.1"
"215","Edmond Sumner","Bro","G","27.5","1","4.5","0","","0","0","0","0","0","0","","","0","0","1","0","0","0","0","1","1","0","","125.1"
"216","Dewayne Dedmon","Phi","C","33.8","1","5","18.5","50","0","0","0","0","1","0","0","0","0","1","0","0","0","1","1","0","1","0","0","94.9"
"217","DaQuan Jeffries","Nyk","G-F","25.8","2","2.3","0","","0","0","0","0","0","0","","","0","0","0","0","0","0","0","0","0","0","",""